level,precision,recall,f1,support
1,0.8333333333333334,0.9285714285714286,0.8783783783783784,70
2,0.7,0.6,0.6461538461538462,70
3,0.7777777777777778,0.8,0.7887323943661971,70
